Country,State/Region,Township_MIMU Name,Township_Google Name,Latlong
Myanmar,Ayeyarwady,Bogale,Bogale,"16.286433949781955, 95.40180821860959"
Myanmar,Ayeyarwady,Danubyu,Danubyu,"17.257222913586297, 95.5853597589138"
Myanmar,Ayeyarwady,Dedaye,Dedaye,"16.408414408255883, 95.88551421435963"
Myanmar,Ayeyarwady,Einme,Einme,"16.891294719224422, 95.17709809065103"
Myanmar,Ayeyarwady,Hinthada,Hinthada,"17.64699562268645, 95.45157195839066"
Myanmar,Ayeyarwady,Ingapu,Ingapu,"17.814205005230903, 95.27105561820487"
Myanmar,Ayeyarwady,Kangyidaunt,Kangyidaunt,"16.93493406052002, 94.8974544089897"
Myanmar,Ayeyarwady,Kyaiklat,Kyaiklat,"16.44224851945981, 95.72208391438437"
Myanmar,Ayeyarwady,Kyangin,Kyangin,"18.335073402718894, 95.2397194138693"
Myanmar,Ayeyarwady,Kyaunggon,Kyaunggon,"17.100174679201224, 95.17970524797504"
Myanmar,Ayeyarwady,Kyonpyaw,Kyonpyaw,"17.303075820288576, 95.1927468182615"
Myanmar,Ayeyarwady,Labutta,Labutta,"16.149328794040276, 94.75621612784316"
Myanmar,Ayeyarwady,Lemyethna,Lemyethna,"17.598452666902162, 95.17188189963699"
Myanmar,Ayeyarwady,Maubin,Maubin,"16.726071560060223, 95.64842355457553"
Myanmar,Ayeyarwady,Mawlamyinegyun,Mawgyun,"16.38385964319355, 95.26060810523248"
Myanmar,Ayeyarwady,Myanaung,Myanaung,"18.270749912273097, 95.32070683270011"
Myanmar,Ayeyarwady,Myaungmya,Myaungmya,"16.58335554556223, 94.90394159651626"
Myanmar,Ayeyarwady,Ngapudaw,Ngapudaw,"16.53821490350849, 94.69413370323599"
Myanmar,Ayeyarwady,Nyaungdon,Nyaungdon,"17.043708555122603, 95.6431660321564"
Myanmar,Ayeyarwady,Pantanaw,Pantanaw,"16.983706718665196, 95.46991719162017"
Myanmar,Ayeyarwady,Pathein,Pathein,"16.775362465112263, 94.73810132057349"
Myanmar,Ayeyarwady,Pyapon,Pyapon,"16.285033829149736, 95.67998185811378"
Myanmar,Ayeyarwady,Thabaung,Thabaung,"17.041688489296398, 94.80282314437419"
Myanmar,Ayeyarwady,Wakema,Wakema,"16.60320533182198, 95.17709772968055"
Myanmar,Ayeyarwady,Yegyi,Yegyi,"17.34057624273033, 95.10933564386727"
Myanmar,Ayeyarwady,Zalun,Zalun,"17.478974189809417, 95.55647722500505"
Myanmar,Bago,Bago,Bago,"17.322072111721695, 96.4663283027295"
Myanmar,Bago,Daik-U,Daik-U,"17.78602731169389, 96.67985112102643"
Myanmar,Bago,Gyobingauk,Gyobingauk,"18.23175810532088, 95.65105336267507"
Myanmar,Bago,Htantabin,Htantabin,"18.841935084672055, 96.48631558329026"
Myanmar,Bago,Kawa,Kawa,"17.088523361614364, 96.45966839762038"
Myanmar,Bago,Kyaukkyi,Kyaukkyi,"18.328242799176536, 96.77349096729934"
Myanmar,Bago,Kyauktaga,Kyauktaga,"18.15681565595213, 96.6130488167882"
Myanmar,Bago,Letpadan,Letpadan,"17.791715165379657, 95.75631574739607"
Myanmar,Bago,Minhla,Minhla,"17.9790970349004, 95.70629278397436"
Myanmar,Bago,Monyo,Monyo,"18.011502722737053, 95.50400138317708"
Myanmar,Bago,Nattalin,Nattalin,"18.42976355432665, 95.55122852463509"
Myanmar,Bago,Nyaunglebin,Nyaunglebin,"17.956005415104986, 96.72400906412932"
Myanmar,Bago,Okpho,Okpho,"18.12766650306589, 95.67472017273398"
Myanmar,Bago,Oktwin,Oktwin,"18.831251497307125, 96.41039774598953"
Myanmar,Bago,Padaung,Padaung,"18.71212934999445, 95.1392981930084"
Myanmar,Bago,Paukkhaung,Paukkhaung,"18.910616719532904, 95.54991560828357"
Myanmar,Bago,Paungde,Paungde,"18.493161575215538, 95.50662466095267"
Myanmar,Bago,Phyu,Phyu,"18.481626060498833, 96.43702462575628"
Myanmar,Bago,Pyay,Pyay,"18.840603508394267, 95.25799668889817"
Myanmar,Bago,Shwedaung,Shwedaung,"17.9293172505026, 96.88067490480395"
Myanmar,Bago,Shwegyin,Shwegyin,"17.929088739785886, 96.88063859066885"
Myanmar,Bago,Taungoo,Taungoo,"18.939836090164366, 96.4343620913196"
Myanmar,Bago,Thanatpin,Thanatpin,"17.292049592966308, 96.57566866965036"
Myanmar,Bago,Thayarwady,Thayarwady,"17.64953895968014, 95.77738952941478"
Myanmar,Bago,Thegon,Thegon,"18.649570866896706, 95.4175258690283"
Myanmar,Bago,Waw,Waw,"17.476961258293354, 96.6771776591499"
Myanmar,Bago,Yedashe,Yedashe,"19.158677629357932, 96.34685752342867"
Myanmar,Bago,Zigon,Zigon,"18.339248201419828, 95.61924923129858"
Myanmar,Chin,Falam,Falam,"22.91895544486121, 93.67641209405465"
Myanmar,Chin,Hakha,Hakha,"22.642569198850108, 93.60390167659374"
Myanmar,Chin,Kanpetlet,Kanpetlet,"21.193211024727177, 94.05461855818797"
Myanmar,Chin,Matupi,Matupi,"21.601119344364395, 93.44433705552171"
Myanmar,Chin,Mindat,Mindat,"21.371919455384262, 93.97786538758533"
Myanmar,Chin,Paletwa,Paletwa,"21.30344860424471, 92.8541063320512"
Myanmar,Chin,Tedim,Tedim,"23.381363241869153, 93.6573972674379"
Myanmar,Chin,Thantlang,Thantlang,"22.6939697224573, 93.43192269114935"
Myanmar,Chin,Tonzang,Tonzang,"23.60655694242231, 93.68768428383288"
Myanmar,Kachin,Bhamo,Bhamo,"24.26307115668884, 97.23832674745982"
Myanmar,Kachin,Chipwi,Chipwi,"25.887160830695652, 98.13112609403478"
Myanmar,Kachin,Hpakant,Hpakan,"25.647981036168847, 96.35263878180092"
Myanmar,Kachin,Injangyang,N Jang Yang,"25.827002787067187, 97.73336574259649"
Myanmar,Kachin,Khaunglanhpu,Khaunglanhpu,"27.061238000153413, 98.35912007364684"
Myanmar,Kachin,Machanbaw,Machanbaw,"27.30378652558991, 97.59121458657995"
Myanmar,Kachin,Mansi,Mansi,"24.119459951718408, 97.29365122532299"
Myanmar,Kachin,Mogaung,Mogaung,"25.303500629364294, 96.93728670055468"
Myanmar,Kachin,Mohnyin,Mohnyin,"24.775284328388317, 96.359838758543"
Myanmar,Kachin,Momauk,Momauk,"24.255013299481387, 97.3435997991821"
Myanmar,Kachin,Myitkyina,Myitkyina,"25.394597333159393, 97.38408829479678"
Myanmar,Kachin,Nawngmun,Nawngmun,"27.50747125638822, 97.81387561448376"
Myanmar,Kachin,Puta-O,Puta-O,"27.31750993377208, 97.40578918667362"
Myanmar,Kachin,Shwegu,Shwegu,"24.2126748242584, 96.77603165807405"
Myanmar,Kachin,Sumprabum,Sumprabum,"26.544345563280977, 97.56941082955473"
Myanmar,Kachin,Tanai,Danai,"26.359279008669898, 96.71996814335148"
Myanmar,Kachin,Tsawlaw,Tsawlaw,"26.15277949446872, 98.2855416034135"
Myanmar,Kachin,Waingmaw,Waingmaw,"25.366708324855683, 97.69820053958927"
Myanmar,Kayah,Bawlake,Bawlakhe,"19.157641956580548, 97.33275370353695"
Myanmar,Kayah,Demoso,Demoso,"19.549048364351425, 97.15478775427273"
Myanmar,Kayah,Hpasawng,Hpasawng,"18.90816649577501, 97.13608439516884"
Myanmar,Kayah,Hpruso,Hpruso,"19.41405718484585, 97.1278638837413"
Myanmar,Kayah,Loikaw,Loikaw,"19.67400653212197, 97.21136035516938"
Myanmar,Kayah,Mese,Mese,"18.641503915952423, 97.65442599983216"
Myanmar,Kayah,Shadaw,Shadaw,"19.500110772952695, 97.69822889472447"
Myanmar,Kayin,Hlaingbwe,Hlaingbwe,"17.122962368096495, 97.81640146056044"
Myanmar,Kayin,Hpa-An,Hpa-An,"16.875915271962196, 97.64395953480518"
Myanmar,Kayin,Hpapun,Hpapun,"18.06181574364863, 97.44084276257514"
Myanmar,Kayin,Kawkareik,Kawkareik,"16.557378208800717, 98.24044012655202"
Myanmar,Kayin,Kyainseikgyi,Kyainseikgyi,"16.04082299982221, 98.12156773371433"
Myanmar,Kayin,Myawaddy,Myawaddy,"16.684269611171203, 98.50071191279939"
Myanmar,Kayin,Thandaunggyi,Than Daung Gyi,"19.071667665920113, 96.67851416710295"
Myanmar,Magway,Aunglan,Aunglan,"19.36027329654109, 95.2188376476964"
Myanmar,Magway,Chauk,Chauk,"20.900635554930243, 94.82614246336038"
Myanmar,Magway,Gangaw,Gangaw,"22.175727186627984, 94.13474516232651"
Myanmar,Magway,Kamma,Kamma,"21.38408061287128, 94.81448194959647"
Myanmar,Magway,Magway,Magway,"20.15443026207153, 94.94548075747838"
Myanmar,Magway,Minbu,Minbu,"20.171371788915298, 94.87021558179715"
Myanmar,Magway,Mindon,Mindon,"19.35122667401425, 94.73422026383678"
Myanmar,Magway,Minhla,Minhla,"17.979095880380306, 95.70629352734151"
Myanmar,Magway,Myaing,Myaing,"21.610531201227786, 94.84947111473524"
Myanmar,Magway,Myothit,Myothit,"20.200598270210843, 95.44501299124929"
Myanmar,Magway,Natmauk,Natmauk,"20.352013302053628, 95.39657353853858"
Myanmar,Magway,Ngape,Ngape,"20.076513163978753, 94.46838924106522"
Myanmar,Magway,Pakokku,Pakokku,"21.33941624844934, 95.07028034825704"
Myanmar,Magway,Pauk,Pauk,"21.454220764526198, 94.48255129410465"
Myanmar,Magway,Pwintbyu,Pwintbyu,"20.372794635141208, 94.67345484314828"
Myanmar,Magway,Salin,Salin,"20.57254388648061, 94.65020115955387"
Myanmar,Magway,Saw,Saw,"21.153248924717953, 94.15393627184667"
Myanmar,Magway,Seikphyu,Seikphyu,"20.90469663445573, 94.78728352725157"
Myanmar,Magway,Sidoktaya,Sidoktaya,"20.448680843180654, 94.24658121259998"
Myanmar,Magway,Sinbaungwe,Sinbaungwe,"19.72226878754795, 95.16275679298768"
Myanmar,Magway,Taungdwingyi,Taungdwingyi,"20.000098100984044, 95.54597937011988"
Myanmar,Magway,Thayet,Thayet,"19.32284192738763, 95.17970539623144"
Myanmar,Magway,Tilin,Tilin,"21.696139875503388, 94.09766234731863"
Myanmar,Magway,Yenangyaung,Yenangyaung,"20.459324614336463, 94.87799716685545"
Myanmar,Magway,Yesagyo,Yesagyo,"21.616404841425215, 95.24494044306718"
Myanmar,Mandalay,Amarapura,Amarapura,"21.90388342673559, 96.04938910284697"
Myanmar,Mandalay,Aungmyaythazan,Aungmyaythazan,"22.000194294549118, 96.0944002019942"
Myanmar,Mandalay,Chanayethazan,Chanayethazan,"21.976444013942732, 96.0944006369799"
Myanmar,Mandalay,Chanmyathazi,Chanmyathazi,"21.940429688405857, 96.10499784886089"
Myanmar,Mandalay,Kyaukpadaung,Kyaukpadaung,"20.844342346842854, 95.12757164493726"
Myanmar,Mandalay,Kyaukse,Kyaukse,"21.60982777383007, 96.13414627653323"
Myanmar,Mandalay,Madaya,Madaya,"22.206991502650805, 96.12089869939837"
Myanmar,Mandalay,Mahaaungmyay,Mahaaungmyay,"21.95576010009031, 96.09175240863966"
Myanmar,Mandalay,Mahlaing,Mahlaing,"21.09827021649909, 95.64842521692461"
Myanmar,Mandalay,Meiktila,Meiktila,"20.876593265135888, 95.86016136569266"
Myanmar,Mandalay,Mogoke,Mogoke,"22.91805827251704, 96.45034378779432"
Myanmar,Mandalay,Myingyan,Myingyan,"21.466222293104167, 95.38872007419444"
Myanmar,Mandalay,Myittha,Myittha,"21.425970613461935, 96.12884214922067"
Myanmar,Mandalay,Natogyi,Natogyi,"21.42464950799756, 95.65894189668045"
Myanmar,Mandalay,Ngazun,Ngazun,"21.89289511849861, 95.69050481278413"
Myanmar,Mandalay,Nyaung-U,Nyaung-U,"21.177251619054246, 94.92470840754842"
Myanmar,Mandalay,Patheingyi,Patheingyi,"21.991688925316357, 96.16330482490142"
Myanmar,Mandalay,Pyawbwe,Pyawbwe,"20.597720152846883, 96.04938963237909"
Myanmar,Mandalay,Pyigyitagon,Pyigyitagon,"21.904803375159183, 96.10499577356423"
Myanmar,Mandalay,Pyinoolwin,Pyin Oo Lwin,"22.03917801645367, 96.47165816035603"
Myanmar,Mandalay,Singu,Singu,"22.547622929170448, 95.99597691393892"
Myanmar,Mandalay,Sintgaing,Sintgaing,"21.734055108914163, 96.10631986750303"
Myanmar,Mandalay,Tada-U,Tada-U,"21.817508425265768, 95.97532676824885"
Myanmar,Mandalay,Taungtha,Taungtha,"21.28626170786861, 95.44109234416862"
Myanmar,Mandalay,Thabeikkyin,Thabeikkyin,"22.886170553708165, 95.97532635335479"
Myanmar,Mandalay,Thazi,Thazi,"20.861762832703462, 96.05203655777467"
Myanmar,Mandalay,Wundwin,Wundwin,"21.09116965276702, 96.02821940279394"
Myanmar,Mandalay,Yamethin,Yamethin,"20.431473062391696, 96.13679348159069"
Myanmar,Mon,Bilin,Bilin,"17.21670050512689, 97.23022956440373"
Myanmar,Mon,Chaungzon,Chaungzon,"16.355586197853658, 97.54368020025974"
Myanmar,Mon,Kyaikmaraw,Kyaikmaraw,"16.37229122689427, 97.72809128944847"
Myanmar,Mon,Kyaikto,Kyaikto,"17.312467709444782, 97.01490001346502"
Myanmar,Mon,Mawlamyine,Mawlamyine,"16.454317815516397, 97.64396096617538"
Myanmar,Mon,Mudon,Mudon,"16.25841752578245, 97.72537580825828"
Myanmar,Mon,Paung,Paung,"16.62203518728838, 97.4570671007442"
Myanmar,Mon,Thanbyuzayat,Thanbyuzayat,"15.959668663743109, 97.75253518546789"
Myanmar,Mon,Thaton,Thaton,"16.927075306513657, 97.367862018738"
Myanmar,Mon,Ye,Ye,"15.248758406704898, 97.85311493408041"
Myanmar,Nay Pyi Taw,Det Khi Na Thi Ri,Dekkhina Thiri,"19.66200222147915, 96.09439974872454"
Myanmar,Nay Pyi Taw,Oke Ta Ra Thi Ri,Ottara Thiri,"19.871098647806143, 96.04674287354129"
Myanmar,Naypyitaw,Lewe,Lewe,"19.63488379115796, 96.10764475953415"
Myanmar,Naypyitaw,Poke Ba Thi Ri,Pobba Thiri,"19.83081236851491, 96.18452031279585"
Myanmar,Naypyitaw,Pyinmana,Pyinmana,"19.74135257162236, 96.20043831678915"
Myanmar,Naypyitaw,Tatkon,Tatkon,"20.13264588347014, 96.20043783932385"
Myanmar,Naypyitaw,Za Bu Thi Ri,Za Bu Thi Ri,"19.761864664946604, 96.1208921137125"
Myanmar,Naypyitaw,Zay Yar Thi Ri,Zay Yar Thi Ri,"19.883740551614466, 96.36515712636661"
Myanmar,Rakhine,Ann,Ann,"19.767471584466342, 94.0337845459826"
Myanmar,Rakhine,Buthidaung,Buthidaung,"20.869510454804786, 92.52722068382592"
Myanmar,Rakhine,Gwa,Gwa,"17.601069928159102, 94.58565891988307"
Myanmar,Rakhine,Kyaukpyu,Kyaukpyu,"19.421204177653294, 93.5458489850563"
Myanmar,Rakhine,Kyauktaw,Kyauktaw,"20.84448449429898, 92.97505575017577"
Myanmar,Rakhine,Maungdaw,Maungdaw,"20.82410831504871, 92.36902229471903"
Myanmar,Rakhine,Minbya,Minbya,"20.366062032976572, 93.26339167591797"
Myanmar,Rakhine,Mrauk-U,Mrauk-U,"20.593525202999945, 93.19302987252551"
Myanmar,Rakhine,Munaung,Munaung,"18.85676418221039, 93.72066225812841"
Myanmar,Rakhine,Myebon,Myebon,"20.04720224085157, 93.3729037275106"
Myanmar,Rakhine,Pauktaw,Pauktaw,"20.13734006277804, 93.07765653922775"
Myanmar,Rakhine,Ponnagyun,Ponnagyun,"20.333500530817076, 93.00381190485608"
Myanmar,Rakhine,Ramree,Ramree,"19.100052461338933, 93.86553012228927"
Myanmar,Rakhine,Rathedaung,Rathedaung,"20.484908070134924, 92.75558145391699"
Myanmar,Rakhine,Sittwe,Sittwe,"20.15276664912624, 92.86768588815862"
Myanmar,Rakhine,Thandwe,Thandwe,"18.46712110973864, 94.34109994939139"
Myanmar,Rakhine,Toungup,Toungup,"18.84848168535564, 94.24871673768838"
Myanmar,Sagaing,Ayadaw,Ayadaw,"22.285832974505144, 95.44764214507606"
Myanmar,Sagaing,Banmauk,Banmauk,"24.40082244244975, 95.8578054752318"
Myanmar,Sagaing,Budalin,Budalin,"22.392233617718713, 95.14581331916551"
Myanmar,Sagaing,Chaung-U,Chaung-U,"21.957261240152317, 95.273667268939"
Myanmar,Sagaing,Hkamti,Hkamti,"25.99766863390086, 95.69050395698883"
Myanmar,Sagaing,Homalin,Homalin,"24.888319439806107, 94.92989934475042"
Myanmar,Sagaing,Indaw,Indaw,"24.220845240608874, 96.14342000759727"
Myanmar,Sagaing,Kale,Kale,"23.19417114355193, 94.02357166361148"
Myanmar,Sagaing,Kalewa,Kalewa,"23.201818358547854, 94.29745424472716"
Myanmar,Sagaing,Kanbalu,Kanbalu,"23.208532460865495, 95.51449270694431"
Myanmar,Sagaing,Kani,Kani,"22.435584723853264, 94.84817430315778"
Myanmar,Sagaing,Katha,Katha,"24.18211962204687, 96.33058249495538"
Myanmar,Sagaing,Kawlin,Kawlin,"23.792868098490253, 95.67998177652369"
Myanmar,Sagaing,Khin-U,Khin-U,"22.76821323781513, 95.62739428638034"
Myanmar,Sagaing,Kyunhla,Kyunhla,"23.31787156108621, 95.52760923602031"
Myanmar,Sagaing,Lahe,Lahe,"26.32373538596685, 95.44240140320272"
Myanmar,Sagaing,Lay Shi,Lay Shi,"25.447693401956496, 94.95716802986848"
Myanmar,Sagaing,Mawlaik,Mawlaik,"23.647452993566233, 94.40277801301366"
Myanmar,Sagaing,Mingin,Mingin,"22.87687456026437, 94.4941403754743"
Myanmar,Sagaing,Monywa,Monywa,"22.12155201541371, 95.15363199140906"
Myanmar,Sagaing,Myaung,Myaung,"21.832041520248996, 95.42406614216061"
Myanmar,Sagaing,Myinmu,Myinmu,"21.926550278204065, 95.57485553430382"
Myanmar,Sagaing,Nanyun,Nanyun,"26.97691888199008, 96.1712592988675"
Myanmar,Sagaing,Pale,Pale,"21.9337749995153, 94.87799667493286"
Myanmar,Sagaing,Paungbyin,Paungbyin,"24.265527599758876, 94.81707199610582"
Myanmar,Sagaing,Pinlebu,Pinlebu,"24.078105005358857, 95.37170888120812"
Myanmar,Sagaing,Sagaing,Sagaing,"21.915970930299043, 95.96211073770513"
Myanmar,Sagaing,Salingyi,Salingyi,"21.986621787698635, 95.09631416621176"
Myanmar,Sagaing,Shwebo,Shwebo,"22.578656347045346, 95.69839773136862"
Myanmar,Sagaing,Tabayin,Tabayin,"22.682215962644765, 95.31939971600933"
Myanmar,Sagaing,Tamu,Tamu,"24.219885549962964, 94.31028753162065"
Myanmar,Sagaing,Taze,Taze,"22.94316416243303, 95.37563456152662"
Myanmar,Sagaing,Tigyaing,Tigyaing,"23.755796068118592, 96.14607062800202"
Myanmar,Sagaing,Wetlet,Wetlet,"22.370501484011992, 95.79056466213528"
Myanmar,Sagaing,Wuntho,Wuntho,"23.899574546448285, 95.6799814576357"
Myanmar,Sagaing,Ye-U,Ye-U,"22.76322150808685, 95.4279948661647"
Myanmar,Sagaing,Yinmarbin,Yin Mar Bin,"22.078601472818033, 94.90653723722119"
Myanmar,Shan,Hopang,Hopang,"23.426741302636998, 98.75224702583911"
Myanmar,Shan,Hopong,Hopong,"20.797675593686773, 97.17633194854211"
Myanmar,Shan,Hseni,Hseni,"23.302088091918947, 97.96201060316838"
Myanmar,Shan,Hsihseng,Hsihseng,"20.16069907069766, 97.25179992582696"
Myanmar,Shan,Hsipaw,Hsipaw,"22.62363205318076, 97.30036046566119"
Myanmar,Shan,Kalaw,Kalaw,"20.617612959804358, 96.56232499206153"
Myanmar,Shan,Kengtung,Kengtung,"21.282712424934587, 99.62299970530783"
Myanmar,Shan,Konkyan,Konkyan,"23.823030931024245, 98.53983004808097"
Myanmar,Shan,Kunhing,Kunhing,"21.302698202266175, 98.42664674089554"
Myanmar,Shan,Kunlong,Kunlong,"23.4134636577997, 98.64630880521345"
Myanmar,Shan,Kutkai,Kutkai,"23.457484671482423, 97.9293245639145"
Myanmar,Shan,Kyaukme,Kyaukme,"22.543668182878815, 97.03371359341692"
Myanmar,Shan,Kyethi,Kyethi,"21.93008635119764, 97.8204792934726"
Myanmar,Shan,Laihka,Laihka,"21.26960244573707, 97.6643058748716"
Myanmar,Shan,Langkho,Langkho,"20.341211493565318, 98.00016341762661"
Myanmar,Shan,Lashio,Lashio,"22.966459114864172, 97.75253479859997"
Myanmar,Shan,Laukkaing,Laukkaing,"23.687224838574288, 98.76463881189746"
Myanmar,Shan,Lawksawk,Lawksawk,"21.245499506396204, 96.88335555099653"
Myanmar,Shan,Loilen,Loilem,"20.929038595718247, 97.56535003523223"
Myanmar,Shan,Mabein,Mabein,"23.47222787145321, 96.6304102299738"
Myanmar,Shan,Manton,Manton,"23.252255602699492, 97.12113187758005"
Myanmar,Shan,Matman,Matman,"21.954290024069447, 98.87142924702017"
Myanmar,Shan,Mawkmai,Mawkmai,"20.227895345371927, 97.72401856421179"
Myanmar,Shan,Monghpyak,Mong Hpayak,"20.98471568679893, 100.08072935667117"
Myanmar,Shan,Monghsat,Monghsat,"20.518441020689075, 99.25084357904953"
Myanmar,Shan,Monghsu,Monghsu,"21.738991426084702, 98.39649367801387"
Myanmar,Shan,Mongkaing,Mongkaing,"21.63260257310271, 97.53013972178104"
Myanmar,Shan,Mongkhet,Mongkhet,"21.70081993144824, 99.38118420086826"
Myanmar,Shan,Mongla,Mongla,"21.669443503067278, 100.01638857008238"
Myanmar,Shan,Mongmao,Mongmao,"22.970065060214882, 98.97146198563219"
Myanmar,Shan,Mongmit,Mongmit,"23.107509810884817, 96.6718306343903"
Myanmar,Shan,Mongnai,Mongnai,"20.512825154231887, 97.8694395265282"
Myanmar,Shan,Mongpan,Mongpan,"20.316337210638558, 98.37320152840574"
Myanmar,Shan,Mongping,Mongping,"21.350042634723522, 99.02256244327185"
Myanmar,Shan,Mongton,Mongton,"20.292069867691154, 98.89418314308809"
Myanmar,Shan,Mongyai,Mongyai,"22.410836193000833, 98.03833578357214"
Myanmar,Shan,Mongyang,Mongyang,"21.844366184486905, 99.68008209143558"
Myanmar,Shan,Mongyawng,Mongyawng,"21.178652059058546, 100.35680711550786"
Myanmar,Shan,Muse,Muse,"23.99328963400101, 97.91026437974507"
Myanmar,Shan,Namhkan,Namhkan,"23.83042445454703, 97.68465682887083"
Myanmar,Shan,Namhsan,Namhsan,"22.9676675549395, 97.16017171191365"
Myanmar,Shan,Namtu,Namtu,"23.092961583160864, 97.39758383820818"
Myanmar,Shan,Nansang,Nansang,"20.90114866800688, 97.72537596844413"
Myanmar,Shan,Narphan,Namphan,"22.597001908063024, 99.14561569768492"
Myanmar,Shan,Nawnghkio,Nawnghkio,"22.33132343670138, 96.80027040286731"
Myanmar,Shan,Nyaungshwe,Nyaungshwe,"20.65941938679671, 96.93433173945783"
Myanmar,Shan,Pangsang (Panghkam),Panghsang,"22.179249045036784, 99.17052528617131"
Myanmar,Shan,Pangwaun,Pangwaun,"23.035580553266932, 99.33054871795485"
Myanmar,Shan,Pekon,Pekon,"19.675229860701695, 96.87799229568246"
Myanmar,Shan,Pindaya,Pindaya,"20.93684842336151, 96.6664855173032"
Myanmar,Shan,Pinlaung,Pinlaung,"20.10822343842069, 96.78420155268134"
Myanmar,Shan,Tachileik,Tachileik,"20.45212379960656, 99.89891343867285"
Myanmar,Shan,Tangyan,Tangyan,"22.490480452550607, 98.39101278282976"
Myanmar,Shan,Taunggyi,Taunggyi,"20.788757577429756, 97.03371375662483"
Myanmar,Shan,Ywangan,Ywangan,"21.16785734699791, 96.44501517965155"
Myanmar,Tanintharyi,Bokpyin,Bokpyin,"11.256203851674886, 98.76188481143033"
Myanmar,Tanintharyi,Dawei,Dawei,"14.08276991595448, 98.19396089896554"
Myanmar,Tanintharyi,Kawthoung,Kawthoung,"9.995812359796998, 98.5528744589533"
Myanmar,Tanintharyi,Kyunsu,Kyunsu,"11.797475825998774, 98.51749444893433"
Myanmar,Tanintharyi,Launglon,Launglon,"13.97453421012543, 98.11610650422668"
Myanmar,Tanintharyi,Myeik,Myeik,"12.449229887937022, 98.62706280873479"
Myanmar,Tanintharyi,Palaw,Palaw,"12.973760147415506, 98.64768329207112"
Myanmar,Tanintharyi,Tanintharyi,Tanintharyi,"12.089633313232268, 99.0115104220521"
Myanmar,Tanintharyi,Thayetchaung,Thayetchaung,"13.866187463092173, 98.25821820894876"
Myanmar,Tanintharyi,Yebyu,Yebyu,"14.245277498427567, 98.20352796447395"
Myanmar,Yangon,Ahlone,Ahlone,"16.782883713648395, 96.1288423730343"
Myanmar,Yangon,Bahan,Bahan,"16.8143177230497, 96.15800103603016"
Myanmar,Yangon,Botahtaung,Botahtaung,"16.763528834625287, 96.1871717702586"
Myanmar,Yangon,Cocokyun,Cocokyun,"14.140608880706363, 93.36408377841767"
Myanmar,Yangon,Dagon,Dagon,"16.78805763322088, 96.14441855885543"
Myanmar,Yangon,Dagon Myothit (East),East Dagon,"16.933336412492487, 96.30134292031079"
Myanmar,Yangon,Dagon Myothit (North),North Dagon,"16.883854714658987, 96.18982575290688"
Myanmar,Yangon,Dagon Myothit (Seikkan),Dagon Seikkan,"16.852069384866603, 96.26946038634318"
Myanmar,Yangon,Dagon Myothit (South),South Dagon,"16.870498689365295, 96.24290403043136"
Myanmar,Yangon,Dala,Dala,"16.655316463571502, 96.17391140259451"
Myanmar,Yangon,Dawbon,Dawbon,"16.782650642871506, 96.18584731913877"
Myanmar,Yangon,Hlaing,Hlaing,"16.850826294429385, 96.11559300579296"
Myanmar,Yangon,Hlaingtharya (East),Hlaingtharya (East),"16.88294161042248, 96.07912761198696"
Myanmar,Yangon,Hlaingtharya (West),Hlaingtharya (West),"16.879525518752374, 96.02523726071244"
Myanmar,Yangon,Hlegu,Hlegu,"17.094807517718102, 96.21105210900724"
Myanmar,Yangon,Hmawbi,Hmawbi,"17.136160074585316, 96.00970171732172"
Myanmar,Yangon,Htantabin,Htantabin,"17.017876032165518, 95.98193543844414"
Myanmar,Yangon,Insein,Insein,"16.904179919188817, 96.09969763659197"
Myanmar,Yangon,Kamaryut,Kamayut,"16.82383969276291, 96.13414291990564"
Myanmar,Yangon,Kawhmu,Kawhmu,"16.53821012134265, 96.06527189212719"
Myanmar,Yangon,Kayan,Khayan,"16.90752227230309, 96.5623250651949"
Myanmar,Yangon,Kungyangon,Kungyangon,"16.43858975741802, 96.01102425343305"
Myanmar,Yangon,Kyauktada,Kyauktada,"16.774556417378694, 96.16197822353685"
Myanmar,Yangon,Kyauktan,Kyauktan,"16.57653532837769, 96.45034314919327"
Myanmar,Yangon,Kyeemyindaing,Kyimyindaing,"16.806690965161163, 96.11824313706802"
Myanmar,Yangon,Lanmadaw,Lanmadaw,"16.778124447415458, 96.14076934463986"
Myanmar,Yangon,Latha,Latha,"16.777807949633125, 96.1513728435429"
Myanmar,Yangon,Mayangone,Mayangon,"16.86162845750557, 96.1473965390015"
Myanmar,Yangon,Mingaladon,Mingaladon,"16.996950052405793, 96.14209429668713"
Myanmar,Yangon,Mingalartaungnyunt,Mingala Taungnyunt,"16.78749190475724, 96.17125988770675"
Myanmar,Yangon,North Okkalapa,North Okkalapa,"16.91974795670475, 96.16860791791356"
Myanmar,Yangon,Pabedan,Pabedan,"16.777650224497638, 96.15667528859842"
Myanmar,Yangon,Pazundaung,Pazundaung,"16.77709579795489, 96.17523760007276"
Myanmar,Yangon,Sanchaung,Sanchaung,"16.80621892016357, 96.13414264587237"
Myanmar,Yangon,Seikgyikanaungto,Seikkyi Kanaungto,"16.76890745541485, 96.10499553737874"
Myanmar,Yangon,Shwepyithar,Shwepyitha,"16.97533811700864, 96.07851034226964"
Myanmar,Yangon,South Okkalapa,South Okkalapa,"16.84892575511665, 96.17921540877917"
Myanmar,Yangon,Taikkyi,Taik Kyi,"17.316996588246383, 95.96475291951599"
Myanmar,Yangon,Tamwe,Tamwe,"16.81082643578909, 96.17656373418339"
Myanmar,Yangon,Thaketa,Thaketa,"16.800980025588064, 96.2110528165405"
Myanmar,Yangon,Thanlyin,Thanlyin,"16.758755343851142, 96.24821471206761"
Myanmar,Yangon,Thingangyun,Thingangyun,"16.82479272730575, 96.20043831989699"
Myanmar,Yangon,Thongwa,Thongwa,"16.764623200355274, 96.53297677978847"
Myanmar,Yangon,Twantay,Twantay,"16.712091821920993, 95.93832877883722"
Myanmar,Yangon,Yankin,Yankin,"16.834637661827895, 96.1659556503951"